Site_No,old_Site_No,Site,Eastings,Northings,Region,Area,Cattle_Pop,Pig_Pop,Poultry_Pop,Human_Pop,Sheep_Pop,Slope,Applied_Manure,Applied_Slurry,Grazing_Manure,CSOs,STWs,SPR,Agg01,Agg02,Agg03,Agg04,Agg05,Agg06,Agg07,Agg08,Agg09,Agg10,N:S_facing,Elevation
1,15,River_Deveron_TurriffMuiresk,370471.7778,849795.8266,Scotland,960.5317105,45.96104721,8.898973887,301.4224033,69.69433962,109.4695211,5.787173014,,,,1,0,35.74586387,5.265968586,17.03769634,17.28272251,33.54973822,9.092146597,16.74659686,0,0.132984293,0,0.964397906,1.091674455,243.1146826
2,45,River_Ugie_Forehill,410730.8176,848392.2802,Scotland,341.3216308,75.8679272,23.33278571,2290.453883,60.40723982,130.6065326,2.486221174,,,,1,0,33.66725664,5.345132743,3.466076696,40.84365782,42.09734513,0,5.899705015,0,0.126843658,0,2.274336283,1.071889383,85.36646533
3,14,River_Deveron_CairnfordBridgeHuntly,348721.6904,840676.142,Scotland,213.7380864,18.63033042,2.399478055,77.93011269,38.72727273,65.15718008,7.32576234,,,,0,0,43.46824645,1.218009479,11.79620853,0.644549763,8.625592417,22.82464455,54.83886256,0,0.009478673,0,0.08056872,1.368807407,393.9095629
4,2,Allt_a_Choire_Burn_Tomnavoulin,321326.3757,826085.6459,Scotland,6.789336653,21.33851178,0.998974408,119.7999115,43.76851852,80.71189626,9.272845363,,,,0,0,35.6,1.166666667,16.5,0,4.666666667,35,42.66666667,0,0,0,0,1.188043478,386.9922625
5,11,River_Dee_Invercannie,366776.9754,796325.9705,Scotland,1389.528816,8.304650784,0.048233834,29.02641635,97.94505495,23.08797761,10.59667807,,,,2,0,40.27194767,2.507267442,14.05087209,2.154069767,7.353197674,4.872819767,68.21148256,0,0.527616279,0,0.349563953,0.987420101,509.8411981
6,36,River_Tay_Perth,310351.5698,726599.9235,Scotland,4716.477184,7.64371457,2.705600659,728.1289478,88.31339031,38.63896106,9.258075217,,,,10,0,40.82601107,4.366751809,10.77096637,8.837590464,10.92252022,27.41677309,34.43593018,0,2.598339719,0,0.670072371,0.886255675,399.1465399
7,48,River_Wear_Lumley,428590.6085,550212.1025,North East,1008.563554,36.52145005,23.95849909,477.8658951,423.4860335,122.1721779,4.806731761,17915821.09,14580595.36,51150238.18,278,21,42.8536,5.851,4.038,14.171,43.634,4.643,21.293,0,0.162,0,6.256,1.018667427,248.8040421
8,20,River_Gelt,353661.9316,556594.9159,North West,49.24966938,51.12675951,5.380106856,779.1506354,59.2,120.0624376,7.876948704,14003329.54,20300985.02,59195919.87,2,0,55.57234043,2.468085106,0.574468085,0.85106383,10.5106383,19.9787234,64.89361702,0,0.446808511,0,0.361702128,1.314445331,381.2373278
9,17,River_Eden,347281.7517,553277.2953,North West,1366.049606,59.60477728,4.611747446,1048.687429,80.1133829,179.2471189,7.084514571,16571649.43,27281258.79,69296364.86,74,3,35.30388848,5.095377843,1.03595011,6.239911959,48.49303008,25.0484226,11.20689655,0,1.201027146,0,1.704328687,1.224300005,285.380784
10,16,River_Duddon,320912.5393,494740.918,North West,46.87822481,11.92918953,0.341951786,21.89855864,9.5,97.82967543,14.29821642,6224679.045,9647367.286,45080150.75,0,0,59.62444444,3.777777778,8.222222222,0.177777778,6.8,79.22222222,1.2,0,0.577777778,0,0.022222222,0.777980219,373.8368109
11,10,River_Dee_3,341401.7664,363354.2555,North West,1786.192849,69.39144302,7.658266465,1813.439707,261.3151659,173.6959003,6.400391354,21987908.37,40011760,79137473.47,154,74,36.79610829,5.151720248,7.620417372,7.151720248,42.12746757,22.24252679,11.03891709,0,1.108291032,0,3.602368866,1.186453529,243.6931402
12,9,River_Dee_2,340789.4981,359106.3115,North West,1661.434781,63.36811424,6.499628391,1674.819959,289.9918589,183.886797,6.749783341,21987908.37,40011760,79137473.47,148,73,36.70780399,5.191772535,8.172413793,6.144585602,40.72595281,23.138536,11.83968542,0,1.154264973,0,3.679975802,1.174015804,258.7358471
13,18,River_Esk_Whitby,489091.4172,509097.2015,Yorkshire and The Humber,331.7068631,39.56816314,22.49720337,519.464187,85,90.86574805,5.976323962,14577423,20628458.25,47956240,24,0,49.54689441,4.782608696,6.357142857,1.251552795,34.68322981,0.357142857,51.9068323,0,0.01242236,0,0.729813665,1.211953642,219.7014993
14,46,River_Ure_Masham,423069.0037,480896.3386,Yorkshire and The Humber,545.3905923,34.75630062,11.28948072,177.7777044,82.03508772,135.09618,6.977117734,8505985.333,16789914.5,53572676,18,2,47.38892989,2.228782288,1.887453875,3.444649446,32.2896679,32.71771218,26.52767528,0,0.284132841,0,0.677121771,1.028482365,350.1923623
15,30,River_Ouse_York,452575.1851,457618.1555,Yorkshire and The Humber,3205.587536,52.5455416,113.3331529,2777.326645,163.4261905,117.9747028,3.991419371,26435783.1,31792107.03,55935848.77,262,21,40.73135965,3.934210526,1.438596491,27.72180451,35.89598997,9.660401003,17.91102757,0,0.470551378,0,3.009398496,0.938243949,189.0085931
16,24,River_Hull_Driffield,507964.0761,449944.1099,Yorkshire and The Humber,450.3117803,23.4129193,284.7360287,3864.17183,105.0193798,25.55732663,2.368753611,29592945.33,25863014.67,19736218.33,15,3,14.4338565,2.69058296,0.067264574,78.17040359,13.80269058,2.773542601,0.013452915,0,0.042600897,0,2.461883408,0.661327728,72.14922038
17,12,River_Derwent_Elvington_2,470560.367,448498.9705,Yorkshire and The Humber,1526.036343,38.52123896,139.9783552,1457.746352,96.11406844,80.02262926,4.024793967,24424291,20952089.36,39251888,103,8,27.41666667,7.490118577,6.049407115,38.62121212,31.68708827,0.801054018,13.23517787,0.003952569,0.131752306,0.004611331,2.010540184,0.673279692,121.9254949
18,13,River_Derwent_Wressle,470166.9561,429761.9364,Yorkshire and The Humber,1809.696211,38.55472584,146.6932693,1953.722286,100.5353938,73.51927799,3.640131782,25659187.06,22018222.06,37942120.82,125,12,28.45537694,6.983370288,5.184035477,41.07760532,31.52161863,1.626385809,11.15631929,0.003325942,0.157427938,0.003880266,2.324279379,0.659951487,108.8749337
19,1,Afon_Ddu_BrynCowlyd,277603.1151,366435.4708,Wales,13.12037595,26.64087318,0.455532613,63.72053234,39.42222222,163.5325228,12.4370881,6852841.13,9943069.069,74235912.44,0,0,44.76666667,3.333333333,0,0,4.333333333,53.33333333,29.83333333,0,9.083333333,0,0,1.030666028,396.2274882
20,8,River_Dee_1,338673.3409,346351.9514,Wales,1055.639534,42.80402189,4.30259711,748.9361184,151.5592593,226.8268292,8.45189249,13069831.55,17854845.09,80204244.36,53,44,39.88406489,4.360687023,11.27290076,2.169847328,31.31679389,31.59541985,16.51526718,0,1.603053435,0,1.216603053,1.086213633,326.7293576
21,37,River_Teifi_Llechryd,275437.8562,266057.2413,Wales,15.36444025,14.2721173,0.524821563,150.6239691,21.91779498,115.1388377,9.37799971,6606043.891,4653522.563,66585510.43,0,0,47.9,0.933333333,2.466666667,0.066666667,7.933333333,84.8,0,0,3.8,0,0.066666667,0.527576426,390.3706264
22,33,River_Severn_Shelton,346799.8155,313748.2736,West Midlands,2269.334259,68.25577487,5.470793403,4113.085581,108.8152929,247.2281043,6.920096339,25179353.76,32533219.14,101502896.4,20,53,35.24948957,5.441633378,6.394584998,11.07101642,55.5126498,15.58233466,3.739902352,0,0.522858411,0,1.790945406,0.985844796,232.2515179
23,34,River_Severn_TrimpleyWTW,377178.6729,278567.7935,West Midlands,4273.238327,69.08593291,14.94850448,5273.015027,186.0284157,171.4560938,5.019113864,25201698.05,33032185.18,77080982.59,162,68,32.31408384,6.644842204,3.691238813,25.50259067,48.46796985,8.961846444,2.318181818,0,0.542628356,0,3.917569477,1.030222881,175.5679803
24,4,River_Bure_Belaugh,628528.4453,318803.471,East of England,181.7560385,17.82261931,98.08133389,4656.673828,122.0063694,15.4111231,1.152651174,17385560.5,10077448.5,12915878,4,1,16.76740331,8.209944751,2.61878453,60.80662983,21.69060773,0.132596685,0.569060773,0,0.303867403,0,5.674033149,0.791626378,24.49928093
25,49,River_Wensum_Costessey,616476.7603,313244.8951,East of England,574.89853,15.34504555,108.3642326,6372.94732,132.9678161,11.84907132,1.242047292,23347771.33,13258127.67,13954102,9,4,28.47504363,7.20069808,1.368237347,55.85340314,30.31762653,0,0.003490401,0,0.530541012,0,4.80104712,1.079959444,50.830444
26,29,River_Nar_Marham,572354.7417,311982.1161,East of England,156.3671919,7.493028791,120.1509577,7749.474207,58.02173913,10.67935829,1.42015153,21635666.44,14604904.15,10900397.99,1,0,14.92987013,7.909090909,1.512987013,60.24675325,27.53246753,0,0.051948052,0,0.357142857,0,2.376623377,1.042320006,53.42692929
27,50,River_Wensum_Heigham,621196.5625,309791.6843,East of England,662.9917123,15.55493072,108.5155284,6382.311368,190.0719844,11.94554274,1.269456774,23347771.33,13258127.67,13954102,10,5,29.04060606,7.412121212,1.254545455,54.64848485,29.96515152,0.003030303,0.003030303,0,0.509090909,0,6.281818182,1.095522328,49.4162025
28,52,River_Wissey_StokeFerry,570315.5571,298856.3084,East of England,450.9843511,6.875556721,157.1552122,7744.981851,139.8117647,16.43579884,1.050325985,30804861.6,21115095.2,12830110.2,5,3,,8.040540541,7.441441441,48.83558559,26.03603604,5.518018018,0.002252252,0,0.328828829,0,3.831081081,0.737169272,37.68568998
29,47,River_Waveney,638565.9706,290752.4996,East of England,835.1922767,17.30123697,212.0482931,13106.56186,98.13150289,8.094476762,1.013675553,33160827.25,20997037.5,13400075.25,31,6,36.34904077,4.146282974,0.324940048,67.77697842,23,0.09352518,0.020383693,0,0.25059952,0,4.420863309,1.288060539,42.21148384
30,23,River_Great_Ouse_GrafhamSystem,521429.5841,266161.2454,East of England,2591.341848,17.08452582,9.689757736,2199.646588,433.1793562,33.26074579,1.768612832,10624147.56,8194400.704,18940470.19,172,37,37.92331787,5.847641145,0.6129157,48.42343387,33.10363496,0.280355762,0.1774942,0,1.092807425,0,10.50541377,1.08401466,83.5853985
31,21,River_Great_Ouse_Bedford,503683.1126,251575.8369,East of England,1411.106683,24.71716771,9.217237718,3003.232229,424.14355,52.58054123,1.87377787,14662449.47,11664541.8,28711337.8,97,17,37.81954351,5.873751783,0.82382311,43.84807418,37.54778887,0.503566334,0.288873039,0,0.670470756,0,10.4978602,0.947561525,103.2832002
32,35,River_Stour_Langham,601801.6038,234516.4969,East of England,573.7095772,6.206249126,10.01195043,2776.014762,202.599537,8.852801299,1.991669557,4857378.5,2306450,5864912.75,16,8,37.45565371,5.332155477,0.130742049,64.74558304,24.53533569,0,0,0,0.141342756,0,5.153710247,0.831875759,74.88542114
33,3,River_Blackwater_Langford,583661.9299,209140.2356,East of England,339.4650202,6.085787814,20.80968105,4408.952549,383.9241379,5.567661234,1.473395271,6113674,4962980,5816660.333,31,7,38.23303571,6.172619048,0.107142857,59.42857143,24.03869048,0,0.145833333,0,0.369047619,0,9.791666667,0.784573153,63.85542414
34,28,River_Lee_NewGauge,533994.9949,213829.0931,East of England,644.7766835,5.280131439,2.661320221,857.1182852,931.655106,8.470125635,2.389720824,3660767.714,2270113.571,5842453,47,6,34.98892356,8.673946958,0.274570983,42.74726989,31.93447738,0,0.035881435,0,0.166926677,0,16.2324493,0.779995739,109.3607126
35,5,River_Chelmer_Langford,582846.5001,208671.2676,East of England,646.4567466,7.081196685,18.39923626,2518.09132,413.6672297,5.599529328,1.466055741,4903597.5,2477222.25,4112750,37,8,41.46113671,5.932411674,0.092165899,55.66052227,26.19662058,0,0.251920123,0,0.983102919,0,10.92780338,0.884752444,64.06126836
36,27,River_Lee_Girling,537473.6387,194919.4838,London,1166.411536,4.75603008,2.992182489,734.6608918,817.7243852,6.660959783,2.170033627,3314973.417,2130293.083,4897352.417,60,12,36.2037037,8.688199828,0.286821705,42.92420327,31.25236865,0,0.036175711,0,0.745047373,0,16.13178295,0.783022567,94.64849626
37,6,River_Cherwell_Grimsbury,445894.1756,241756.2621,South East,204.0478182,36.71434169,9.605780285,1456.723167,133.1353383,88.92633801,2.50174801,18720837,13958196.67,45192257.33,16,1,38.19359606,2.901477833,0.108374384,46.44334975,46.07389163,0,0,0,0.389162562,0,4.157635468,0.738948695,139.8292512
38,22,River_Great_Ouse_Foxcote,472748.7619,234638.5335,South East,390.3674562,35.89492682,9.469126921,4265.775726,196.9571984,71.9151564,1.655893731,20971009,17067293.2,40552504,25,4,34.99948849,4.979539642,0.570332481,44.40409207,44.22506394,0,0.089514066,0,0.278772379,0,5.498721228,0.842752823,114.0348603
39,40,River_Thames_Farmoor,443958.7958,206488.4604,South East,1608.611199,26.05705924,13.09315759,945.294286,396.31,35.87046742,2.284474004,12122239.47,16698272.13,26404289.13,35,16,16.54266169,7.55721393,0.585199005,38.73631841,43.7108209,0.258084577,0.141791045,0,1.476368159,0,7.583333333,0.709759145,135.425756
40,39,River_Thames_Datchet,498661.8606,176488.0346,South East,7135.751643,23.55059563,13.33388533,1035.920701,503.5696638,35.5250172,2.40720523,11296049.27,11717056.21,22146737.34,219,99,22.09575186,9.248980166,1.438458292,36.47573498,39.09748206,1.778871853,0.292868195,0,0.908847939,0,10.79068786,0.89251826,115.1919585
41,41,River_Thames_HytheEnd,501463.4599,172210.9729,South East,7245.550149,23.29785948,13.16950642,1023.246687,512.0541452,35.10600771,2.391629317,11180203.35,11595409.46,21906328.9,223,101,22.22151267,9.322482338,1.435517385,36.01648428,39.22468486,1.751766173,0.300457127,0,1.011358914,0,10.97021748,0.888405257,114.0892851
42,43,River_Thames_Walton,511473.4032,168810.8878,South East,9325.738286,20.24683846,11.14403431,906.5748525,579.098363,30.56611748,2.468036578,10163112.37,10862196.04,20185479.9,272,127,23.26377107,10.51444218,2.092344035,31.87286589,39.3802212,1.417373564,0.690540105,0,1.044024482,0,13.01750242,0.907701168,111.2191787
43,42,River_Thames_Laleham,504794.0401,169289.0707,South East,8286.076068,21.40027348,11.95873996,943.1395051,579.5327243,32.3084913,2.410960413,10383655.01,10731388.23,20377997.85,236,110,23.35290127,9.731677771,1.403391884,34.24530588,39.19321623,1.543428225,0.322107813,0,1.022168383,0,12.57068443,0.867949634,113.821634
44,26,RIver_Kennet_Fobney,464494.3774,170176.1042,South East,1049.472452,19.80266798,10.44682372,604.5051962,225.6173469,27.68095845,3.211168802,8891857.455,11620145.73,17855599.73,23,9,16.35977011,11.18103448,1.57183908,45.70689655,33.96072797,2.174329502,0.123563218,0,0.358237548,0,4.933908046,0.957934339,151.2704268
45,44,River_Tillingbourne_Shalford,499807.5966,147982.6779,South East,58.3622902,19.67207305,3.370944807,278.4950468,169.9411765,18.39728729,5.211568087,7396135.5,8819559,17182094,0,0,14.14259259,22.64814815,15.96296296,9.648148148,41.77777778,1.87037037,0.925925926,0,0.259259259,0,6.87037037,1.632552923,132.0480136
46,51,River_Wey_Shalford,499626.1799,147327.6313,South East,630.8002412,13.09999071,6.057418849,952.0268993,334.9038817,20.52958473,3.347607916,8271671.857,10233410.29,17983610.57,22,9,19.28953301,17.95813205,6.54589372,18.88405797,41.21095008,0.3784219,3.074074074,0,0.495974235,0,11.44605475,1.083275002,112.9923423
47,32,River_Rother_Robertsbridge,573830.7786,124035.4558,South East,167.179709,22.82165969,9.295765968,1102.564023,107.6384615,46.67619148,5.181570468,9155753.5,9519505,27155004,13,1,48.03636364,21.69090909,2.836363636,4.418181818,67.41818182,0.121212121,0.012121212,0,0.2,0,3.278787879,0.848175546,85.75674889
48,25,River_Itchen_Otterbourne,447054.035,123270.6493,South East,328.2173315,18.78354576,19.73966075,1452.928387,319.0465116,20.92371852,3.287435322,12118801.33,14609319.33,20573950.67,5,3,2.071692308,9.658461538,0.787692308,53.50153846,28.59384615,0.667692308,0.012307692,0,0.172307692,0,6.661538462,0.880894193,111.4494615
49,31,River_Rother_Hardham,503408.1021,117896.3935,South East,356.6963853,17.83061298,1.085493675,1171.776509,173.962963,33.81764566,4.061757258,10941164.5,16416253.75,24817760.5,18,4,25.43068182,19.63352273,5.730113636,20.53125,47.49147727,0.321022727,1.21875,0,0.400568182,0,4.738636364,0.867590314,74.8899054
50,38,River_Test_Testwood,435524.9451,115179.8832,South East,1164.180756,16.62792828,14.20209496,1426.14951,183.7111756,24.2924976,2.969751143,10277518,9727575.583,14818070.58,18,10,8.875647668,13.60103627,2.210708117,48.14507772,28.31001727,2.040587219,0.592400691,0,0.238341969,0,4.884283247,0.664210605,102.0624895
51,19,River_Exe_AllersWTW,294849.3804,114268.179,South West,439.4288328,55.80329387,3.4539956,1676.289289,61.93442623,158.3273269,7.836403055,24652306,27700961.8,79767886.4,14,0,35.29633867,9.464530892,1.851258581,3.647597254,66.52631579,17.11670481,0.28375286,0,0.377574371,0,0.819221968,0.672014717,279.3343054
52,7,RIver_Dart_Littlehempston,280491.8416,62699.01259,South West,271.5378111,44.78373201,2.166980412,141.4414615,105.4158416,67.7685469,7.098520756,20532690,22199098.33,52857696,15,2,30.92740741,8.555555556,3.985185185,2.940740741,32.42222222,37.55185185,13,0,0.055555556,0,1.6,0.730795408,305.7988957
